GeoFIPS,GeoName,Region,TableName,LineCode,IndustryClassification,Description,Unit,2008,2009,2010,2011,2012,2013,2014,2015,2016,2017
 "00999","United States (Nonmetropolitan Portion) 1/", ,MAIRPD,1,"...","Implicit regional price deflator","Index",81.2,81.2,83.2,85.5,87.3,89.0,90.3,90.3,90.8,92.1
 "10180","Abilene, TX (Metropolitan Statistical Area)", ,MAIRPD,1,"...","Implicit regional price deflator","Index",84.8,84.1,86.1,88.6,91.0,91.8,93.5,93.3,94.7,96.0
 "10420","Akron, OH (Metropolitan Statistical Area)", ,MAIRPD,1,"...","Implicit regional price deflator","Index",83.8,82.8,84.3,86.9,88.4,90.4,92.3,92.8,93.4,95.1
 "10500","Albany, GA (Metropolitan Statistical Area)", ,MAIRPD,1,"...","Implicit regional price deflator","Index",78.1,78.3,80.2,82.6,84.2,85.2,86.1,86.1,86.1,87.0
 "10540","Albany-Lebanon, OR (Metropolitan Statistical Area)", ,MAIRPD,1,"...","Implicit regional price deflator","Index",90.5,89.8,90.7,91.7,92.7,94.6,97.1,96.5,98.0,99.5
 "10580","Albany-Schenectady-Troy, NY (Metropolitan Statistical Area)", ,MAIRPD,1,"...","Implicit regional price deflator","Index",93.9,93.2,94.0,96.3,98.6,100.6,102.8,103.4,104.4,105.9
 "10740","Albuquerque, NM (Metropolitan Statistical Area)", ,MAIRPD,1,"...","Implicit regional price deflator","Index",90.2,90.9,92.5,95.0,96.7,98.4,99.2,98.9,99.4,100.8
 "10780","Alexandria, LA (Metropolitan Statistical Area)", ,MAIRPD,1,"...","Implicit regional price deflator","Index",82.3,81.2,82.8,84.3,87.2,88.8,90.8,90.6,90.9,92.4
 "10900","Allentown-Bethlehem-Easton, PA-NJ (Metropolitan Statistical Area)", ,MAIRPD,1,"...","Implicit regional price deflator","Index",94.4,94.2,95.3,97.7,99.4,101.3,103.6,103.9,104.8,105.9
 "11020","Altoona, PA (Metropolitan Statistical Area)", ,MAIRPD,1,"...","Implicit regional price deflator","Index",84.2,83.8,85.6,88.6,91.2,91.2,92.9,92.7,94.3,95.9
 "11100","Amarillo, TX (Metropolitan Statistical Area)", ,MAIRPD,1,"...","Implicit regional price deflator","Index",88.7,88.0,88.6,90.6,92.6,93.9,95.1,95.5,96.4,98.2
 "11180","Ames, IA (Metropolitan Statistical Area)", ,MAIRPD,1,"...","Implicit regional price deflator","Index",83.5,84.1,85.4,87.8,89.3,91.1,93.2,93.8,94.8,96.9
 "11260","Anchorage, AK (Metropolitan Statistical Area)", ,MAIRPD,1,"...","Implicit regional price deflator","Index",104.6,104.3,105.0,106.9,107.9,109.4,111.3,111.3,112.6,113.6
 "11460","Ann Arbor, MI (Metropolitan Statistical Area)", ,MAIRPD,1,"...","Implicit regional price deflator","Index",97.0,96.4,97.3,99.7,101.2,102.5,103.9,104.1,105.3,107.1
 "11500","Anniston-Oxford, AL (Metropolitan Statistical Area)", ,MAIRPD,1,"...","Implicit regional price deflator","Index",80.3,78.5,79.6,81.7,84.6,85.9,86.3,86.5,87.0,89.2
 "11540","Appleton, WI (Metropolitan Statistical Area)", ,MAIRPD,1,"...","Implicit regional price deflator","Index",87.6,87.0,88.4,91.0,92.9,93.9,94.4,93.7,94.3,95.3
 "11700","Asheville, NC (Metropolitan Statistical Area)", ,MAIRPD,1,"...","Implicit regional price deflator","Index",87.2,87.1,88.1,90.0,91.8,93.5,95.4,95.3,95.9,97.5
 "12020","Athens-Clarke County, GA (Metropolitan Statistical Area)", ,MAIRPD,1,"...","Implicit regional price deflator","Index",88.1,87.9,88.4,89.7,91.1,92.6,94.2,94.2,94.1,95.9
 "12060","Atlanta-Sandy Springs-Alpharetta, GA (Metropolitan Statistical Area)", ,MAIRPD,1,"...","Implicit regional price deflator","Index",92.9,92.1,92.2,93.6,95.4,97.0,98.5,99.0,100.1,101.9
 "12100","Atlantic City-Hammonton, NJ (Metropolitan Statistical Area)", ,MAIRPD,1,"...","Implicit regional price deflator","Index",102.8,102.3,102.8,104.4,106.6,107.7,108.6,107.2,106.9,107.4
 "12220","Auburn-Opelika, AL (Metropolitan Statistical Area)", ,MAIRPD,1,"...","Implicit regional price deflator","Index",79.9,81.7,82.7,84.9,86.3,87.8,88.2,86.9,87.7,88.8
 "12260","Augusta-Richmond County, GA-SC (Metropolitan Statistical Area)", ,MAIRPD,1,"...","Implicit regional price deflator","Index",83.6,83.7,84.8,87.4,89.1,90.6,91.0,90.9,91.5,93.3
 "12420","Austin-Round Rock-Georgetown, TX (Metropolitan Statistical Area)", ,MAIRPD,1,"...","Implicit regional price deflator","Index",93.2,93.0,93.9,96.1,98.0,99.6,101.5,102.3,103.6,105.8
 "12540","Bakersfield, CA (Metropolitan Statistical Area)", ,MAIRPD,1,"...","Implicit regional price deflator","Index",90.9,91.7,93.4,95.9,97.6,99.1,99.8,99.4,99.8,101.1
 "12580","Baltimore-Columbia-Towson, MD (Metropolitan Statistical Area)", ,MAIRPD,1,"...","Implicit regional price deflator","Index",100.7,101.6,103.8,106.1,107.1,108.4,110.1,110.4,111.2,112.9
 "12620","Bangor, ME (Metropolitan Statistical Area)", ,MAIRPD,1,"...","Implicit regional price deflator","Index",90.8,90.5,91.3,94.3,96.1,98.1,99.3,99.6,99.6,101.4
 "12700","Barnstable Town, MA (Metropolitan Statistical Area)", ,MAIRPD,1,"...","Implicit regional price deflator","Index",98.5,96.9,98.1,99.4,101.6,103.1,105.5,106.1,107.9,110.2
 "12940","Baton Rouge, LA (Metropolitan Statistical Area)", ,MAIRPD,1,"...","Implicit regional price deflator","Index",86.6,86.9,88.1,90.5,92.7,93.8,95.4,95.3,96.3,97.5
 "12980","Battle Creek, MI (Metropolitan Statistical Area)", ,MAIRPD,1,"...","Implicit regional price deflator","Index",85.8,85.7,86.9,88.7,90.4,91.7,93.1,92.4,93.0,93.7
 "13020","Bay City, MI (Metropolitan Statistical Area)", ,MAIRPD,1,"...","Implicit regional price deflator","Index",85.3,84.8,84.6,86.5,88.6,90.6,91.5,89.9,89.4,90.4
 "13140","Beaumont-Port Arthur, TX (Metropolitan Statistical Area)", ,MAIRPD,1,"...","Implicit regional price deflator","Index",84.6,83.8,84.9,87.7,89.8,91.4,92.3,92.6,93.1,94.3
 "13220","Beckley, WV (Metropolitan Statistical Area)", ,MAIRPD,1,"...","Implicit regional price deflator","Index",69.4,69.1,73.0,73.9,76.3,78.1,80.8,81.1,81.3,79.3
 "13380","Bellingham, WA (Metropolitan Statistical Area)", ,MAIRPD,1,"...","Implicit regional price deflator","Index",91.8,92.6,94.5,97.6,99.4,101.3,102.2,102.0,102.5,104.0
 "13460","Bend, OR (Metropolitan Statistical Area)", ,MAIRPD,1,"...","Implicit regional price deflator","Index",92.9,91.7,92.5,93.3,95.0,97.0,99.2,99.8,102.6,105.5
 "13740","Billings, MT (Metropolitan Statistical Area)", ,MAIRPD,1,"...","Implicit regional price deflator","Index",89.2,90.1,91.2,93.6,95.3,98.3,99.6,100.4,100.6,102.4
 "13780","Binghamton, NY (Metropolitan Statistical Area)", ,MAIRPD,1,"...","Implicit regional price deflator","Index",89.1,88.7,90.2,92.7,95.0,96.1,98.0,98.5,99.7,101.4
 "13820","Birmingham-Hoover, AL (Metropolitan Statistical Area)", ,MAIRPD,1,"...","Implicit regional price deflator","Index",85.0,84.9,86.1,88.1,89.6,90.7,91.8,91.7,92.1,93.5
 "13900","Bismarck, ND (Metropolitan Statistical Area)", ,MAIRPD,1,"...","Implicit regional price deflator","Index",86.5,86.4,87.4,89.7,91.9,94.1,95.8,95.4,96.3,97.9
 "13980","Blacksburg-Christiansburg, VA (Metropolitan Statistical Area)", ,MAIRPD,1,"...","Implicit regional price deflator","Index",82.2,83.7,85.2,87.8,88.5,89.9,90.5,91.5,91.6,93.1
 "14010","Bloomington, IL (Metropolitan Statistical Area)", ,MAIRPD,1,"...","Implicit regional price deflator","Index",87.6,87.7,88.7,91.4,93.4,94.6,96.1,95.4,96.2,97.1
 "14020","Bloomington, IN (Metropolitan Statistical Area)", ,MAIRPD,1,"...","Implicit regional price deflator","Index",89.1,89.1,89.6,93.0,94.6,96.4,97.0,96.0,96.2,97.3
 "14100","Bloomsburg-Berwick, PA (Metropolitan Statistical Area)", ,MAIRPD,1,"...","Implicit regional price deflator","Index",86.4,86.5,88.9,90.3,92.1,93.4,96.0,97.1,96.8,98.4
 "14260","Boise City, ID (Metropolitan Statistical Area)", ,MAIRPD,1,"...","Implicit regional price deflator","Index",89.4,89.9,91.3,93.3,94.9,96.2,97.2,96.7,97.8,99.1
 "14460","Boston-Cambridge-Newton, MA-NH (Metropolitan Statistical Area)", ,MAIRPD,1,"...","Implicit regional price deflator","Index",105.1,104.6,106.2,108.8,110.4,111.1,112.9,113.7,115.3,117.7
 "14500","Boulder, CO (Metropolitan Statistical Area)", ,MAIRPD,1,"...","Implicit regional price deflator","Index",97.7,99.8,103.0,106.1,108.1,110.6,111.5,111.5,112.2,114.4
 "14540","Bowling Green, KY (Metropolitan Statistical Area)", ,MAIRPD,1,"...","Implicit regional price deflator","Index",78.8,79.1,80.7,82.8,84.9,86.7,88.0,87.8,88.2,89.6
 "14740","Bremerton-Silverdale-Port Orchard, WA (Metropolitan Statistical Area)", ,MAIRPD,1,"...","Implicit regional price deflator","Index",97.8,97.4,99.2,102.2,104.4,106.9,108.9,109.5,110.6,112.8
 "14860","Bridgeport-Stamford-Norwalk, CT (Metropolitan Statistical Area)", ,MAIRPD,1,"...","Implicit regional price deflator","Index",115.7,114.8,115.7,118.2,120.0,120.7,121.8,121.7,123.6,125.3
 "15180","Brownsville-Harlingen, TX (Metropolitan Statistical Area)", ,MAIRPD,1,"...","Implicit regional price deflator","Index",78.9,78.5,80.3,82.6,84.6,86.1,87.0,86.2,86.8,88.0
 "15260","Brunswick, GA (Metropolitan Statistical Area)", ,MAIRPD,1,"...","Implicit regional price deflator","Index",80.3,79.3,81.4,83.4,85.2,86.8,87.9,88.7,88.7,90.8
 "15380","Buffalo-Cheektowaga, NY (Metropolitan Statistical Area)", ,MAIRPD,1,"...","Implicit regional price deflator","Index",88.6,87.9,89.0,91.4,93.3,95.1,97.0,97.5,98.1,99.9
 "15500","Burlington, NC (Metropolitan Statistical Area)", ,MAIRPD,1,"...","Implicit regional price deflator","Index",86.7,86.3,86.7,88.4,89.4,91.0,92.4,92.4,92.6,93.8
 "15540","Burlington-South Burlington, VT (Metropolitan Statistical Area)", ,MAIRPD,1,"...","Implicit regional price deflator","Index",96.3,96.1,96.9,99.2,101.5,103.6,106.5,107.1,108.7,110.5
 "15680","California-Lexington Park, MD (Metropolitan Statistical Area)", ,MAIRPD,1,"...","Implicit regional price deflator","Index",93.3,93.2,94.0,96.1,98.7,99.8,101.3,101.3,103.9,104.0
 "15940","Canton-Massillon, OH (Metropolitan Statistical Area)", ,MAIRPD,1,"...","Implicit regional price deflator","Index",84.5,83.9,85.4,87.5,88.9,89.9,91.1,90.3,90.8,91.9
 "15980","Cape Coral-Fort Myers, FL (Metropolitan Statistical Area)", ,MAIRPD,1,"...","Implicit regional price deflator","Index",94.4,93.3,92.6,93.8,94.8,96.0,97.3,97.9,99.4,101.8
 "16020","Cape Girardeau, MO-IL (Metropolitan Statistical Area)", ,MAIRPD,1,"...","Implicit regional price deflator","Index",75.5,74.9,76.8,79.9,83.6,85.2,86.2,85.2,85.6,86.8
 "16060","Carbondale-Marion, IL (Metropolitan Statistical Area)", ,MAIRPD,1,"...","Implicit regional price deflator","Index",75.2,76.0,78.1,81.8,84.0,85.6,86.7,86.4,86.5,86.2
 "16180","Carson City, NV (Metropolitan Statistical Area)", ,MAIRPD,1,"...","Implicit regional price deflator","Index",95.5,94.4,94.9,95.9,96.6,98.2,99.1,98.3,99.0,101.1
 "16220","Casper, WY (Metropolitan Statistical Area)", ,MAIRPD,1,"...","Implicit regional price deflator","Index",88.2,89.0,91.8,95.6,97.8,99.5,100.0,99.7,100.6,101.4
 "16300","Cedar Rapids, IA (Metropolitan Statistical Area)", ,MAIRPD,1,"...","Implicit regional price deflator","Index",85.1,85.1,86.9,89.3,91.1,91.9,92.3,91.2,91.7,93.8
 "16540","Chambersburg-Waynesboro, PA (Metropolitan Statistical Area)", ,MAIRPD,1,"...","Implicit regional price deflator","Index",89.4,88.8,90.0,92.1,94.0,95.6,97.6,97.4,98.0,99.8
 "16580","Champaign-Urbana, IL (Metropolitan Statistical Area)", ,MAIRPD,1,"...","Implicit regional price deflator","Index",88.3,88.4,89.4,92.0,93.4,94.7,95.2,95.3,96.1,98.0
 "16620","Charleston, WV (Metropolitan Statistical Area)", ,MAIRPD,1,"...","Implicit regional price deflator","Index",82.4,82.6,84.3,87.3,89.5,89.8,90.6,89.7,90.3,90.7
 "16700","Charleston-North Charleston, SC (Metropolitan Statistical Area)", ,MAIRPD,1,"...","Implicit regional price deflator","Index",90.2,90.1,91.0,93.5,95.4,96.9,98.5,98.7,99.7,101.2
 "16740","Charlotte-Concord-Gastonia, NC-SC (Metropolitan Statistical Area)", ,MAIRPD,1,"...","Implicit regional price deflator","Index",88.5,88.3,88.9,91.0,92.9,94.3,95.7,96.0,96.9,98.8
 "16820","Charlottesville, VA (Metropolitan Statistical Area)", ,MAIRPD,1,"...","Implicit regional price deflator","Index",93.4,93.3,93.9,96.4,97.7,99.3,100.2,100.7,101.5,103.4
 "16860","Chattanooga, TN-GA (Metropolitan Statistical Area)", ,MAIRPD,1,"...","Implicit regional price deflator","Index",85.1,85.0,85.8,87.9,90.0,91.3,92.4,92.3,92.5,94.1
 "16940","Cheyenne, WY (Metropolitan Statistical Area)", ,MAIRPD,1,"...","Implicit regional price deflator","Index",88.7,89.1,90.7,94.3,96.4,98.8,99.5,99.6,100.5,101.9
 "16980","Chicago-Naperville-Elgin, IL-IN-WI (Metropolitan Statistical Area)", ,MAIRPD,1,"...","Implicit regional price deflator","Index",99.8,100.3,101.7,104.4,105.8,105.5,106.3,106.4,107.2,108.8
 "17020","Chico, CA (Metropolitan Statistical Area)", ,MAIRPD,1,"...","Implicit regional price deflator","Index",93.4,93.8,95.4,98.1,100.2,101.6,102.1,101.3,102.1,103.9
 "17140","Cincinnati, OH-KY-IN (Metropolitan Statistical Area)", ,MAIRPD,1,"...","Implicit regional price deflator","Index",88.6,86.9,87.3,88.8,89.9,90.4,92.1,92.5,93.1,94.7
 "17300","Clarksville, TN-KY (Metropolitan Statistical Area)", ,MAIRPD,1,"...","Implicit regional price deflator","Index",84.7,84.2,85.4,88.3,90.6,92.3,93.3,93.3,93.7,94.9
 "17420","Cleveland, TN (Metropolitan Statistical Area)", ,MAIRPD,1,"...","Implicit regional price deflator","Index",76.9,78.5,79.8,82.0,83.3,85.1,86.6,86.5,86.4,87.5
 "17460","Cleveland-Elyria, OH (Metropolitan Statistical Area)", ,MAIRPD,1,"...","Implicit regional price deflator","Index",84.6,83.7,85.1,87.6,89.1,90.8,92.5,92.9,93.6,95.0
 "17660","Coeur d'Alene, ID (Metropolitan Statistical Area)", ,MAIRPD,1,"...","Implicit regional price deflator","Index",90.9,89.6,89.9,91.5,92.5,94.2,96.1,96.4,97.4,99.5
 "17780","College Station-Bryan, TX (Metropolitan Statistical Area)", ,MAIRPD,1,"...","Implicit regional price deflator","Index",87.6,87.4,88.4,91.5,93.8,95.1,96.2,96.0,96.7,98.2
 "17820","Colorado Springs, CO (Metropolitan Statistical Area)", ,MAIRPD,1,"...","Implicit regional price deflator","Index",92.2,92.5,94.0,96.9,98.7,100.7,101.8,101.8,102.8,104.8
 "17860","Columbia, MO (Metropolitan Statistical Area)", ,MAIRPD,1,"...","Implicit regional price deflator","Index",87.1,87.4,88.4,90.7,92.5,93.5,94.8,93.4,93.8,95.1
 "17900","Columbia, SC (Metropolitan Statistical Area)", ,MAIRPD,1,"...","Implicit regional price deflator","Index",87.2,86.9,87.8,90.0,91.8,93.0,94.0,94.2,95.1,96.5
 "17980","Columbus, GA-AL (Metropolitan Statistical Area)", ,MAIRPD,1,"...","Implicit regional price deflator","Index",84.2,84.2,84.9,87.6,88.7,90.1,91.4,91.7,92.5,93.7
 "18020","Columbus, IN (Metropolitan Statistical Area)", ,MAIRPD,1,"...","Implicit regional price deflator","Index",81.3,80.6,82.1,85.3,88.2,89.2,90.6,90.2,91.8,92.8
 "18140","Columbus, OH (Metropolitan Statistical Area)", ,MAIRPD,1,"...","Implicit regional price deflator","Index",88.0,87.7,88.9,91.4,93.2,94.3,95.3,94.5,95.5,97.2
 "18580","Corpus Christi, TX (Metropolitan Statistical Area)", ,MAIRPD,1,"...","Implicit regional price deflator","Index",87.7,87.1,88.3,90.1,92.2,93.9,95.5,95.8,96.8,98.7
 "18700","Corvallis, OR (Metropolitan Statistical Area)", ,MAIRPD,1,"...","Implicit regional price deflator","Index",93.5,92.2,92.8,94.6,96.0,98.6,102.1,102.2,103.9,105.8
 "18880","Crestview-Fort Walton Beach-Destin, FL (Metropolitan Statistical Area)", ,MAIRPD,1,"...","Implicit regional price deflator","Index",91.2,90.7,91.2,93.3,95.3,96.6,97.4,97.4,98.2,99.3
 "19060","Cumberland, MD-WV (Metropolitan Statistical Area)", ,MAIRPD,1,"...","Implicit regional price deflator","Index",82.4,82.5,84.3,85.9,87.6,88.0,89.6,89.7,91.4,91.2
 "19100","Dallas-Fort Worth-Arlington, TX (Metropolitan Statistical Area)", ,MAIRPD,1,"...","Implicit regional price deflator","Index",95.5,95.3,96.1,98.2,99.7,100.8,102.3,102.1,103.3,105.5
 "19140","Dalton, GA (Metropolitan Statistical Area)", ,MAIRPD,1,"...","Implicit regional price deflator","Index",80.4,80.1,82.0,82.5,84.2,85.2,86.1,86.6,86.5,87.6
 "19180","Danville, IL (Metropolitan Statistical Area)", ,MAIRPD,1,"...","Implicit regional price deflator","Index",72.4,71.4,75.2,77.5,80.3,81.0,83.2,83.1,83.0,83.1
 "19300","Daphne-Fairhope-Foley, AL (Metropolitan Statistical Area)", ,MAIRPD,1,"...","Implicit regional price deflator","Index",89.9,88.6,89.3,91.3,92.7,93.3,94.2,93.3,94.4,95.5
 "19340","Davenport-Moline-Rock Island, IA-IL (Metropolitan Statistical Area)", ,MAIRPD,1,"...","Implicit regional price deflator","Index",86.2,85.9,87.2,89.5,91.6,92.3,93.0,91.7,92.4,93.8
 "19430","Dayton-Kettering, OH (Metropolitan Statistical Area)", ,MAIRPD,1,"...","Implicit regional price deflator","Index",86.8,86.2,87.5,89.6,90.8,91.6,92.5,91.8,92.4,93.6
 "19460","Decatur, AL (Metropolitan Statistical Area)", ,MAIRPD,1,"...","Implicit regional price deflator","Index",81.5,81.0,83.1,84.4,85.8,87.4,88.5,88.5,87.3,87.6
 "19500","Decatur, IL (Metropolitan Statistical Area)", ,MAIRPD,1,"...","Implicit regional price deflator","Index",84.6,84.3,85.1,87.9,89.4,90.8,90.4,88.7,88.4,89.9
 "19660","Deltona-Daytona Beach-Ormond Beach, FL (Metropolitan Statistical Area)", ,MAIRPD,1,"...","Implicit regional price deflator","Index",92.5,92.0,91.7,93.4,94.9,96.4,97.8,98.1,98.8,100.3
 "19740","Denver-Aurora-Lakewood, CO (Metropolitan Statistical Area)", ,MAIRPD,1,"...","Implicit regional price deflator","Index",94.9,96.5,99.0,101.7,103.2,105.4,106.7,107.3,109.2,111.9
 "19780","Des Moines-West Des Moines, IA (Metropolitan Statistical Area)", ,MAIRPD,1,"...","Implicit regional price deflator","Index",88.7,88.9,90.1,92.8,94.3,95.7,96.7,96.3,96.9,98.4
 "19820","Detroit-Warren-Dearborn, MI (Metropolitan Statistical Area)", ,MAIRPD,1,"...","Implicit regional price deflator","Index",93.4,93.0,93.9,96.0,97.1,98.0,99.0,98.7,99.2,100.8
 "20020","Dothan, AL (Metropolitan Statistical Area)", ,MAIRPD,1,"...","Implicit regional price deflator","Index",79.1,79.1,80.4,82.9,84.3,86.0,87.0,86.8,87.0,88.2
 "20100","Dover, DE (Metropolitan Statistical Area)", ,MAIRPD,1,"...","Implicit regional price deflator","Index",89.8,88.9,88.8,91.7,93.7,94.6,96.5,96.8,97.8,98.2
 "20220","Dubuque, IA (Metropolitan Statistical Area)", ,MAIRPD,1,"...","Implicit regional price deflator","Index",86.1,85.6,87.4,90.0,92.1,93.5,94.6,93.6,93.9,95.0
 "20260","Duluth, MN-WI (Metropolitan Statistical Area)", ,MAIRPD,1,"...","Implicit regional price deflator","Index",87.0,87.2,87.5,90.1,91.1,92.3,93.4,92.1,92.7,94.0
 "20500","Durham-Chapel Hill, NC (Metropolitan Statistical Area)", ,MAIRPD,1,"...","Implicit regional price deflator","Index",90.7,90.2,90.6,92.9,94.6,96.1,97.6,97.9,98.6,100.3
 "20700","East Stroudsburg, PA (Metropolitan Statistical Area)", ,MAIRPD,1,"...","Implicit regional price deflator","Index",93.3,93.0,94.1,96.2,97.9,100.1,102.3,102.6,101.0,102.0
 "20740","Eau Claire, WI (Metropolitan Statistical Area)", ,MAIRPD,1,"...","Implicit regional price deflator","Index",87.0,87.0,88.0,90.3,92.0,93.0,93.8,92.9,93.6,94.9
 "20940","El Centro, CA (Metropolitan Statistical Area)", ,MAIRPD,1,"...","Implicit regional price deflator","Index",86.8,85.7,87.3,89.1,90.9,92.0,93.2,92.5,92.8,94.1
 "21060","Elizabethtown-Fort Knox, KY (Metropolitan Statistical Area)", ,MAIRPD,1,"...","Implicit regional price deflator","Index",78.9,80.5,82.4,85.3,86.4,87.9,88.3,88.3,88.3,89.4
 "21140","Elkhart-Goshen, IN (Metropolitan Statistical Area)", ,MAIRPD,1,"...","Implicit regional price deflator","Index",88.2,87.5,88.6,90.2,91.5,91.9,92.7,92.4,92.7,94.1
 "21300","Elmira, NY (Metropolitan Statistical Area)", ,MAIRPD,1,"...","Implicit regional price deflator","Index",88.0,87.6,89.2,91.8,93.9,95.5,97.7,98.1,99.0,100.8
 "21340","El Paso, TX (Metropolitan Statistical Area)", ,MAIRPD,1,"...","Implicit regional price deflator","Index",83.6,84.0,85.2,88.2,90.3,91.6,92.1,91.6,91.8,93.8
 "21420","Enid, OK (Metropolitan Statistical Area) 2/", ,MAIRPD,1,"...","Implicit regional price deflator","Index",(NA),(NA),(NA),(NA),(NA),88.3,90.4,92.1,93.6,95.5
 "21500","Erie, PA (Metropolitan Statistical Area)", ,MAIRPD,1,"...","Implicit regional price deflator","Index",87.1,86.3,87.6,90.1,92.5,94.0,95.7,95.8,96.4,97.6
 "21660","Eugene-Springfield, OR (Metropolitan Statistical Area)", ,MAIRPD,1,"...","Implicit regional price deflator","Index",90.8,91.6,93.2,96.2,97.9,99.8,100.3,100.1,100.9,102.9
 "21780","Evansville, IN-KY (Metropolitan Statistical Area)", ,MAIRPD,1,"...","Implicit regional price deflator","Index",85.9,85.6,87.2,89.7,91.1,91.9,92.4,91.2,91.7,93.5
 "21820","Fairbanks, AK (Metropolitan Statistical Area)", ,MAIRPD,1,"...","Implicit regional price deflator","Index",100.0,99.0,100.6,103.0,105.3,107.9,109.7,109.9,110.6,112.5
 "22020","Fargo, ND-MN (Metropolitan Statistical Area)", ,MAIRPD,1,"...","Implicit regional price deflator","Index",87.4,87.4,88.9,91.3,93.3,94.3,95.3,94.1,95.0,96.5
 "22140","Farmington, NM (Metropolitan Statistical Area)", ,MAIRPD,1,"...","Implicit regional price deflator","Index",87.2,85.8,87.7,88.7,91.4,92.1,93.8,92.8,94.3,95.7
 "22180","Fayetteville, NC (Metropolitan Statistical Area)", ,MAIRPD,1,"...","Implicit regional price deflator","Index",85.9,85.9,86.9,89.1,91.0,92.2,93.5,93.0,93.1,93.9
 "22220","Fayetteville-Springdale-Rogers, AR (Metropolitan Statistical Area)", ,MAIRPD,1,"...","Implicit regional price deflator","Index",85.5,84.9,85.7,88.2,90.2,91.5,92.3,92.3,92.7,94.1
 "22380","Flagstaff, AZ (Metropolitan Statistical Area)", ,MAIRPD,1,"...","Implicit regional price deflator","Index",93.2,93.0,93.7,95.6,97.0,99.5,101.3,101.7,101.5,104.1
 "22420","Flint, MI (Metropolitan Statistical Area)", ,MAIRPD,1,"...","Implicit regional price deflator","Index",89.1,88.3,89.8,91.9,93.2,94.0,94.5,93.7,93.7,95.0
 "22500","Florence, SC (Metropolitan Statistical Area)", ,MAIRPD,1,"...","Implicit regional price deflator","Index",78.9,79.2,81.1,83.7,85.3,87.1,87.7,87.8,88.5,90.7
 "22520","Florence-Muscle Shoals, AL (Metropolitan Statistical Area)", ,MAIRPD,1,"...","Implicit regional price deflator","Index",77.7,76.6,79.6,81.8,84.1,84.5,86.1,85.8,87.0,88.2
 "22540","Fond du Lac, WI (Metropolitan Statistical Area)", ,MAIRPD,1,"...","Implicit regional price deflator","Index",80.2,80.1,81.7,84.7,86.7,88.3,90.2,89.9,90.2,90.9
 "22660","Fort Collins, CO (Metropolitan Statistical Area)", ,MAIRPD,1,"...","Implicit regional price deflator","Index",91.4,92.6,95.0,98.3,100.5,102.6,103.6,103.9,105.2,107.6
 "22900","Fort Smith, AR-OK (Metropolitan Statistical Area)", ,MAIRPD,1,"...","Implicit regional price deflator","Index",81.1,80.4,81.9,83.7,85.6,86.6,87.8,87.6,87.7,88.4
 "23060","Fort Wayne, IN (Metropolitan Statistical Area)", ,MAIRPD,1,"...","Implicit regional price deflator","Index",86.5,85.8,86.8,89.0,90.7,91.4,92.1,91.2,92.2,93.8
 "23420","Fresno, CA (Metropolitan Statistical Area)", ,MAIRPD,1,"...","Implicit regional price deflator","Index",91.1,91.9,93.4,96.3,97.8,99.0,99.2,98.8,99.4,100.8
 "23460","Gadsden, AL (Metropolitan Statistical Area)", ,MAIRPD,1,"...","Implicit regional price deflator","Index",78.9,78.3,81.6,82.9,83.8,84.5,86.4,86.9,86.3,86.7
 "23540","Gainesville, FL (Metropolitan Statistical Area)", ,MAIRPD,1,"...","Implicit regional price deflator","Index",91.9,92.7,93.3,94.6,95.7,96.5,97.5,97.1,97.7,99.1
 "23580","Gainesville, GA (Metropolitan Statistical Area)", ,MAIRPD,1,"...","Implicit regional price deflator","Index",86.1,85.0,85.7,88.3,90.4,91.4,91.4,91.5,91.8,93.2
 "23900","Gettysburg, PA (Metropolitan Statistical Area)", ,MAIRPD,1,"...","Implicit regional price deflator","Index",90.3,90.0,91.0,93.2,95.2,97.3,99.0,99.4,99.9,101.3
 "24020","Glens Falls, NY (Metropolitan Statistical Area)", ,MAIRPD,1,"...","Implicit regional price deflator","Index",91.5,91.0,92.0,94.4,96.6,98.5,100.2,99.9,100.2,102.3
 "24140","Goldsboro, NC (Metropolitan Statistical Area)", ,MAIRPD,1,"...","Implicit regional price deflator","Index",80.1,80.3,83.0,85.0,86.5,88.3,89.5,90.0,90.1,91.4
 "24220","Grand Forks, ND-MN (Metropolitan Statistical Area)", ,MAIRPD,1,"...","Implicit regional price deflator","Index",87.3,87.7,88.8,91.0,92.3,93.7,95.5,95.3,95.6,96.0
 "24260","Grand Island, NE (Metropolitan Statistical Area)", ,MAIRPD,1,"...","Implicit regional price deflator","Index",77.6,77.1,78.9,81.8,84.6,86.3,88.1,88.4,89.0,89.2
 "24300","Grand Junction, CO (Metropolitan Statistical Area)", ,MAIRPD,1,"...","Implicit regional price deflator","Index",91.6,91.1,92.1,93.3,94.1,95.8,97.5,97.3,97.4,98.8
 "24340","Grand Rapids-Kentwood, MI (Metropolitan Statistical Area)", ,MAIRPD,1,"...","Implicit regional price deflator","Index",88.1,87.8,88.8,91.0,92.7,94.1,95.6,95.1,96.0,97.6
 "24420","Grants Pass, OR (Metropolitan Statistical Area)", ,MAIRPD,1,"...","Implicit regional price deflator","Index",90.5,89.0,89.0,91.5,92.7,94.8,96.7,96.9,96.8,97.4
 "24500","Great Falls, MT (Metropolitan Statistical Area)", ,MAIRPD,1,"...","Implicit regional price deflator","Index",86.1,85.7,89.0,91.8,94.1,95.3,95.4,95.5,95.6,98.0
 "24540","Greeley, CO (Metropolitan Statistical Area)", ,MAIRPD,1,"...","Implicit regional price deflator","Index",91.3,91.9,93.5,95.2,96.4,98.5,100.5,100.7,102.0,104.4
 "24580","Green Bay, WI (Metropolitan Statistical Area)", ,MAIRPD,1,"...","Implicit regional price deflator","Index",86.8,86.1,87.6,90.1,91.8,92.9,93.9,93.0,93.5,94.9
 "24660","Greensboro-High Point, NC (Metropolitan Statistical Area)", ,MAIRPD,1,"...","Implicit regional price deflator","Index",86.2,85.7,86.3,88.4,90.0,91.0,92.3,92.5,93.1,94.4
 "24780","Greenville, NC (Metropolitan Statistical Area)", ,MAIRPD,1,"...","Implicit regional price deflator","Index",83.9,84.5,85.2,87.1,88.8,89.5,90.7,90.5,91.2,92.5
 "24860","Greenville-Anderson, SC (Metropolitan Statistical Area)", ,MAIRPD,1,"...","Implicit regional price deflator","Index",85.0,85.1,86.0,88.4,89.9,91.1,92.2,92.2,92.9,94.6
 "25060","Gulfport-Biloxi, MS (Metropolitan Statistical Area)", ,MAIRPD,1,"...","Implicit regional price deflator","Index",88.6,88.9,89.1,89.9,90.6,91.4,92.4,91.9,92.3,93.3
 "25180","Hagerstown-Martinsburg, MD-WV (Metropolitan Statistical Area)", ,MAIRPD,1,"...","Implicit regional price deflator","Index",97.6,97.8,97.9,100.4,101.9,103.4,103.9,103.1,103.8,105.5
 "25220","Hammond, LA (Metropolitan Statistical Area)", ,MAIRPD,1,"...","Implicit regional price deflator","Index",79.7,79.9,81.6,83.8,84.9,86.7,87.5,88.1,88.3,90.7
 "25260","Hanford-Corcoran, CA (Metropolitan Statistical Area)", ,MAIRPD,1,"...","Implicit regional price deflator","Index",92.2,90.4,91.2,92.9,94.1,95.1,95.7,95.5,97.4,98.8
 "25420","Harrisburg-Carlisle, PA (Metropolitan Statistical Area)", ,MAIRPD,1,"...","Implicit regional price deflator","Index",90.9,90.8,91.8,94.2,96.0,97.7,99.3,99.6,100.4,102.0
 "25500","Harrisonburg, VA (Metropolitan Statistical Area)", ,MAIRPD,1,"...","Implicit regional price deflator","Index",86.1,87.4,88.0,90.3,91.7,93.6,93.7,92.1,91.8,93.3
 "25540","Hartford-East Hartford-Middletown, CT (Metropolitan Statistical Area)", ,MAIRPD,1,"...","Implicit regional price deflator","Index",95.3,95.1,96.0,98.3,100.4,101.9,104.1,104.4,105.5,107.2
 "25620","Hattiesburg, MS (Metropolitan Statistical Area)", ,MAIRPD,1,"...","Implicit regional price deflator","Index",78.6,79.3,80.7,82.1,84.1,85.9,86.5,84.8,85.0,85.9
 "25860","Hickory-Lenoir-Morganton, NC (Metropolitan Statistical Area)", ,MAIRPD,1,"...","Implicit regional price deflator","Index",84.6,84.4,85.4,87.6,88.6,89.9,90.5,90.1,90.0,91.3
 "25940","Hilton Head Island-Bluffton, SC (Metropolitan Statistical Area)", ,MAIRPD,1,"...","Implicit regional price deflator","Index",90.9,90.7,90.8,91.6,93.5,95.3,96.4,96.3,97.9,99.8
 "25980","Hinesville, GA (Metropolitan Statistical Area)", ,MAIRPD,1,"...","Implicit regional price deflator","Index",82.1,82.5,84.9,87.4,91.6,92.4,94.0,92.7,93.5,94.0
 "26140","Homosassa Springs, FL (Metropolitan Statistical Area)", ,MAIRPD,1,"...","Implicit regional price deflator","Index",87.0,86.6,86.2,87.9,89.6,90.5,90.8,90.1,90.6,91.5
 "26300","Hot Springs, AR (Metropolitan Statistical Area)", ,MAIRPD,1,"...","Implicit regional price deflator","Index",79.5,79.2,80.4,82.9,85.0,86.5,87.1,87.0,88.1,90.5
 "26380","Houma-Thibodaux, LA (Metropolitan Statistical Area)", ,MAIRPD,1,"...","Implicit regional price deflator","Index",83.3,83.9,86.1,89.5,91.8,93.5,94.9,93.8,94.0,95.0
 "26420","Houston-The Woodlands-Sugar Land, TX (Metropolitan Statistical Area)", ,MAIRPD,1,"...","Implicit regional price deflator","Index",94.0,94.4,95.9,98.4,99.7,101.4,103.4,103.7,104.9,107.1
 "26580","Huntington-Ashland, WV-KY-OH (Metropolitan Statistical Area)", ,MAIRPD,1,"...","Implicit regional price deflator","Index",80.5,80.1,82.1,85.1,86.4,88.0,88.4,88.5,89.1,90.1
 "26620","Huntsville, AL (Metropolitan Statistical Area)", ,MAIRPD,1,"...","Implicit regional price deflator","Index",85.6,85.6,86.6,88.9,90.8,92.0,92.7,92.4,92.7,94.6
 "26820","Idaho Falls, ID (Metropolitan Statistical Area)", ,MAIRPD,1,"...","Implicit regional price deflator","Index",87.0,86.5,87.9,89.2,90.0,91.6,91.5,92.0,93.0,96.4
 "26900","Indianapolis-Carmel-Anderson, IN (Metropolitan Statistical Area)", ,MAIRPD,1,"...","Implicit regional price deflator","Index",88.4,88.2,89.3,91.7,93.3,94.3,95.2,94.4,95.2,96.8
 "26980","Iowa City, IA (Metropolitan Statistical Area)", ,MAIRPD,1,"...","Implicit regional price deflator","Index",90.2,89.8,90.8,93.4,95.6,96.8,98.4,97.6,98.3,99.3
 "27060","Ithaca, NY (Metropolitan Statistical Area)", ,MAIRPD,1,"...","Implicit regional price deflator","Index",97.8,97.7,98.4,101.0,103.6,105.4,108.4,109.3,110.8,112.6
 "27100","Jackson, MI (Metropolitan Statistical Area)", ,MAIRPD,1,"...","Implicit regional price deflator","Index",86.3,85.0,85.7,88.2,90.7,92.2,92.5,91.4,91.9,93.3
 "27140","Jackson, MS (Metropolitan Statistical Area)", ,MAIRPD,1,"...","Implicit regional price deflator","Index",85.1,84.9,86.1,88.6,90.3,91.5,92.5,92.6,93.3,95.0
 "27180","Jackson, TN (Metropolitan Statistical Area)", ,MAIRPD,1,"...","Implicit regional price deflator","Index",77.4,77.6,78.9,80.4,82.9,84.1,84.8,84.1,84.9,86.5
 "27260","Jacksonville, FL (Metropolitan Statistical Area)", ,MAIRPD,1,"...","Implicit regional price deflator","Index",91.9,91.5,92.2,94.2,95.9,96.9,98.2,98.4,99.2,100.4
 "27340","Jacksonville, NC (Metropolitan Statistical Area)", ,MAIRPD,1,"...","Implicit regional price deflator","Index",87.4,88.5,90.4,93.3,95.5,95.9,96.5,95.7,96.0,97.4
 "27500","Janesville-Beloit, WI (Metropolitan Statistical Area)", ,MAIRPD,1,"...","Implicit regional price deflator","Index",87.3,87.0,88.1,91.1,92.5,93.2,94.2,93.2,94.1,95.0
 "27620","Jefferson City, MO (Metropolitan Statistical Area)", ,MAIRPD,1,"...","Implicit regional price deflator","Index",75.7,75.7,77.1,79.2,81.6,83.5,84.9,84.8,85.0,85.4
 "27740","Johnson City, TN (Metropolitan Statistical Area)", ,MAIRPD,1,"...","Implicit regional price deflator","Index",82.9,83.0,83.9,85.6,88.0,88.8,90.2,90.2,91.1,91.9
 "27780","Johnstown, PA (Metropolitan Statistical Area)", ,MAIRPD,1,"...","Implicit regional price deflator","Index",78.5,77.4,81.7,85.0,86.7,87.0,88.3,88.9,90.0,91.3
 "27860","Jonesboro, AR (Metropolitan Statistical Area)", ,MAIRPD,1,"...","Implicit regional price deflator","Index",73.3,74.1,76.4,79.9,81.5,83.0,84.0,83.9,84.8,86.7
 "27900","Joplin, MO (Metropolitan Statistical Area)", ,MAIRPD,1,"...","Implicit regional price deflator","Index",82.7,81.6,83.9,85.7,87.6,88.7,89.5,89.4,90.2,91.2
 "27980","Kahului-Wailuku-Lahaina, HI (Metropolitan Statistical Area)", ,MAIRPD,1,"...","Implicit regional price deflator","Index",104.0,101.5,104.0,105.4,106.9,108.5,109.8,110.0,110.2,112.9
 "28020","Kalamazoo-Portage, MI (Metropolitan Statistical Area)", ,MAIRPD,1,"...","Implicit regional price deflator","Index",88.1,87.8,88.9,90.6,92.3,93.1,94.2,93.2,93.6,95.2
 "28100","Kankakee, IL (Metropolitan Statistical Area)", ,MAIRPD,1,"...","Implicit regional price deflator","Index",91.7,91.4,93.1,96.4,98.3,98.5,99.5,99.3,99.6,100.0
 "28140","Kansas City, MO-KS (Metropolitan Statistical Area)", ,MAIRPD,1,"...","Implicit regional price deflator","Index",87.0,87.1,88.5,91.7,93.3,95.1,96.6,96.0,96.5,98.0
 "28420","Kennewick-Richland, WA (Metropolitan Statistical Area)", ,MAIRPD,1,"...","Implicit regional price deflator","Index",88.6,89.6,91.7,95.1,97.3,99.3,100.1,99.4,100.1,101.6
 "28660","Killeen-Temple, TX (Metropolitan Statistical Area)", ,MAIRPD,1,"...","Implicit regional price deflator","Index",87.5,86.9,87.9,90.2,92.2,93.6,94.9,94.5,94.9,95.8
 "28700","Kingsport-Bristol, TN-VA (Metropolitan Statistical Area)", ,MAIRPD,1,"...","Implicit regional price deflator","Index",82.2,81.6,82.3,84.4,85.9,87.4,88.2,87.6,88.3,89.8
 "28740","Kingston, NY (Metropolitan Statistical Area)", ,MAIRPD,1,"...","Implicit regional price deflator","Index",97.7,97.4,98.1,99.9,102.0,104.3,107.0,107.5,107.8,109.2
 "28940","Knoxville, TN (Metropolitan Statistical Area)", ,MAIRPD,1,"...","Implicit regional price deflator","Index",84.5,84.2,85.2,87.7,90.0,91.6,92.5,91.8,91.8,93.5
 "29020","Kokomo, IN (Metropolitan Statistical Area)", ,MAIRPD,1,"...","Implicit regional price deflator","Index",81.9,81.3,83.7,86.5,87.9,88.7,88.9,87.9,88.0,91.0
 "29100","La Crosse-Onalaska, WI-MN (Metropolitan Statistical Area)", ,MAIRPD,1,"...","Implicit regional price deflator","Index",86.8,87.0,88.5,91.4,93.3,93.8,94.9,94.2,95.5,96.7
 "29180","Lafayette, LA (Metropolitan Statistical Area)", ,MAIRPD,1,"...","Implicit regional price deflator","Index",81.5,82.2,83.3,86.7,88.0,89.8,91.0,91.3,91.7,92.2
 "29200","Lafayette-West Lafayette, IN (Metropolitan Statistical Area)", ,MAIRPD,1,"...","Implicit regional price deflator","Index",88.0,88.2,89.3,91.7,93.6,95.2,95.8,95.0,94.6,95.7
 "29340","Lake Charles, LA (Metropolitan Statistical Area)", ,MAIRPD,1,"...","Implicit regional price deflator","Index",82.4,82.9,84.2,86.2,88.2,89.9,90.9,91.1,91.2,94.3
 "29420","Lake Havasu City-Kingman, AZ (Metropolitan Statistical Area)", ,MAIRPD,1,"...","Implicit regional price deflator","Index",89.8,90.2,91.2,93.1,94.0,95.5,95.5,94.6,94.8,96.0
 "29460","Lakeland-Winter Haven, FL (Metropolitan Statistical Area)", ,MAIRPD,1,"...","Implicit regional price deflator","Index",90.4,90.0,90.0,92.0,93.5,94.5,95.4,95.4,96.3,97.8
 "29540","Lancaster, PA (Metropolitan Statistical Area)", ,MAIRPD,1,"...","Implicit regional price deflator","Index",92.7,92.4,93.3,95.5,97.9,99.9,102.0,102.4,103.3,105.1
 "29620","Lansing-East Lansing, MI (Metropolitan Statistical Area)", ,MAIRPD,1,"...","Implicit regional price deflator","Index",90.0,89.6,90.3,92.4,94.1,94.8,95.7,94.6,95.4,97.0
 "29700","Laredo, TX (Metropolitan Statistical Area)", ,MAIRPD,1,"...","Implicit regional price deflator","Index",82.9,83.5,84.7,87.1,88.5,89.8,90.5,91.2,92.3,93.1
 "29740","Las Cruces, NM (Metropolitan Statistical Area)", ,MAIRPD,1,"...","Implicit regional price deflator","Index",86.0,86.3,88.3,90.7,92.6,93.8,94.6,93.8,94.1,94.4
 "29820","Las Vegas-Henderson-Paradise, NV (Metropolitan Statistical Area)", ,MAIRPD,1,"...","Implicit regional price deflator","Index",94.7,95.3,96.6,98.6,99.6,100.8,100.9,100.3,100.9,102.6
 "29940","Lawrence, KS (Metropolitan Statistical Area)", ,MAIRPD,1,"...","Implicit regional price deflator","Index",89.2,89.4,90.9,93.6,95.2,96.0,96.3,94.5,95.1,96.3
 "30020","Lawton, OK (Metropolitan Statistical Area)", ,MAIRPD,1,"...","Implicit regional price deflator","Index",83.6,84.1,85.7,88.8,90.6,92.1,93.0,92.9,92.9,94.2
 "30140","Lebanon, PA (Metropolitan Statistical Area)", ,MAIRPD,1,"...","Implicit regional price deflator","Index",89.9,89.4,90.3,92.4,94.3,95.7,98.1,98.6,99.4,100.8
 "30300","Lewiston, ID-WA (Metropolitan Statistical Area)", ,MAIRPD,1,"...","Implicit regional price deflator","Index",87.1,85.1,86.8,88.3,90.2,91.4,92.7,93.2,94.0,95.8
 "30340","Lewiston-Auburn, ME (Metropolitan Statistical Area)", ,MAIRPD,1,"...","Implicit regional price deflator","Index",88.9,89.5,90.5,92.4,94.3,96.5,98.0,97.8,98.0,99.9
 "30460","Lexington-Fayette, KY (Metropolitan Statistical Area)", ,MAIRPD,1,"...","Implicit regional price deflator","Index",87.6,87.8,88.2,90.3,91.8,93.2,94.5,94.3,94.6,95.9
 "30620","Lima, OH (Metropolitan Statistical Area)", ,MAIRPD,1,"...","Implicit regional price deflator","Index",83.6,82.8,84.4,86.0,88.5,89.7,91.1,90.0,89.5,90.1
 "30700","Lincoln, NE (Metropolitan Statistical Area)", ,MAIRPD,1,"...","Implicit regional price deflator","Index",87.8,87.3,88.7,90.9,92.6,93.6,94.7,94.1,94.8,96.3
 "30780","Little Rock-North Little Rock-Conway, AR (Metropolitan Statistical Area)", ,MAIRPD,1,"...","Implicit regional price deflator","Index",86.1,85.9,87.2,89.4,90.7,91.8,92.7,93.3,93.7,95.4
 "30860","Logan, UT-ID (Metropolitan Statistical Area)", ,MAIRPD,1,"...","Implicit regional price deflator","Index",87.8,86.6,87.3,88.7,89.4,91.2,92.8,92.9,94.2,96.7
 "30980","Longview, TX (Metropolitan Statistical Area)", ,MAIRPD,1,"...","Implicit regional price deflator","Index",85.5,85.4,86.5,89.1,91.4,93.0,93.7,93.9,94.2,96.0
 "31020","Longview, WA (Metropolitan Statistical Area)", ,MAIRPD,1,"...","Implicit regional price deflator","Index",90.7,89.3,90.4,91.9,92.8,94.2,96.5,96.9,97.7,98.7
 "31080","Los Angeles-Long Beach-Anaheim, CA (Metropolitan Statistical Area)", ,MAIRPD,1,"...","Implicit regional price deflator","Index",108.9,109.2,112.5,115.7,117.4,118.9,120.3,119.9,121.1,123.2
 "31140","Louisville/Jefferson County, KY-IN (Metropolitan Statistical Area)", ,MAIRPD,1,"...","Implicit regional price deflator","Index",85.9,85.8,86.7,88.9,90.6,92.0,93.4,93.7,94.3,95.7
 "31180","Lubbock, TX (Metropolitan Statistical Area)", ,MAIRPD,1,"...","Implicit regional price deflator","Index",87.9,88.1,89.1,91.3,93.1,94.3,95.6,95.9,96.6,98.2
 "31340","Lynchburg, VA (Metropolitan Statistical Area)", ,MAIRPD,1,"...","Implicit regional price deflator","Index",84.8,84.6,86.0,88.3,89.8,91.4,92.7,93.3,93.1,94.2
 "31420","Macon-Bibb County, GA (Metropolitan Statistical Area)", ,MAIRPD,1,"...","Implicit regional price deflator","Index",81.9,81.4,83.7,85.5,87.4,88.7,89.5,89.2,89.4,91.2
 "31460","Madera, CA (Metropolitan Statistical Area)", ,MAIRPD,1,"...","Implicit regional price deflator","Index",91.0,91.8,93.3,95.1,96.5,98.2,98.8,97.8,97.7,99.2
 "31540","Madison, WI (Metropolitan Statistical Area)", ,MAIRPD,1,"...","Implicit regional price deflator","Index",91.4,91.3,92.7,95.3,97.2,98.4,99.8,99.2,100.2,101.9
 "31700","Manchester-Nashua, NH (Metropolitan Statistical Area)", ,MAIRPD,1,"...","Implicit regional price deflator","Index",103.6,102.6,103.8,105.9,107.7,108.5,110.7,111.4,112.6,114.1
 "31740","Manhattan, KS (Metropolitan Statistical Area)", ,MAIRPD,1,"...","Implicit regional price deflator","Index",84.5,85.3,87.4,90.7,93.1,95.0,96.0,95.6,95.4,96.1
 "31860","Mankato, MN (Metropolitan Statistical Area)", ,MAIRPD,1,"...","Implicit regional price deflator","Index",82.3,82.5,84.7,86.1,89.0,89.4,92.2,91.7,93.3,95.0
 "31900","Mansfield, OH (Metropolitan Statistical Area)", ,MAIRPD,1,"...","Implicit regional price deflator","Index",83.7,83.0,84.4,86.2,88.0,88.3,88.3,87.3,88.9,90.5
 "32580","McAllen-Edinburg-Mission, TX (Metropolitan Statistical Area)", ,MAIRPD,1,"...","Implicit regional price deflator","Index",78.2,78.3,80.0,82.4,84.5,85.9,87.1,87.1,87.4,88.4
 "32780","Medford, OR (Metropolitan Statistical Area)", ,MAIRPD,1,"...","Implicit regional price deflator","Index",91.1,92.2,93.9,97.1,98.1,99.7,100.3,100.1,100.7,101.8
 "32820","Memphis, TN-MS-AR (Metropolitan Statistical Area)", ,MAIRPD,1,"...","Implicit regional price deflator","Index",86.8,86.6,87.6,90.0,91.7,93.0,93.9,93.9,94.3,95.9
 "32900","Merced, CA (Metropolitan Statistical Area)", ,MAIRPD,1,"...","Implicit regional price deflator","Index",89.9,90.1,91.9,94.6,96.0,97.1,97.4,96.6,97.1,98.7
 "33100","Miami-Fort Lauderdale-Pompano Beach, FL (Metropolitan Statistical Area)", ,MAIRPD,1,"...","Implicit regional price deflator","Index",99.5,99.2,100.4,102.4,104.8,106.9,109.5,110.8,112.1,114.1
 "33140","Michigan City-La Porte, IN (Metropolitan Statistical Area)", ,MAIRPD,1,"...","Implicit regional price deflator","Index",79.6,79.7,81.0,83.4,85.3,86.8,88.8,88.2,88.7,88.1
 "33220","Midland, MI (Metropolitan Statistical Area)", ,MAIRPD,1,"...","Implicit regional price deflator","Index",86.8,86.5,88.6,90.2,92.6,92.5,94.0,92.5,94.3,95.8
 "33260","Midland, TX (Metropolitan Statistical Area)", ,MAIRPD,1,"...","Implicit regional price deflator","Index",88.2,88.7,90.7,94.1,97.1,99.3,101.9,103.3,104.6,105.5
 "33340","Milwaukee-Waukesha, WI (Metropolitan Statistical Area)", ,MAIRPD,1,"...","Implicit regional price deflator","Index",89.6,89.6,90.9,93.1,95.6,96.6,97.9,98.4,99.2,100.5
 "33460","Minneapolis-St. Paul-Bloomington, MN-WI (Metropolitan Statistical Area)", ,MAIRPD,1,"...","Implicit regional price deflator","Index",96.6,96.5,97.7,100.1,102.0,103.3,104.8,104.7,105.7,107.6
 "33540","Missoula, MT (Metropolitan Statistical Area)", ,MAIRPD,1,"...","Implicit regional price deflator","Index",91.8,90.5,91.5,93.6,95.3,97.4,99.0,99.0,99.3,100.6
 "33660","Mobile, AL (Metropolitan Statistical Area)", ,MAIRPD,1,"...","Implicit regional price deflator","Index",82.2,82.6,84.5,86.5,87.8,88.9,90.2,90.3,90.6,91.4
 "33700","Modesto, CA (Metropolitan Statistical Area)", ,MAIRPD,1,"...","Implicit regional price deflator","Index",92.9,93.7,95.1,97.7,99.2,100.5,100.7,100.3,100.9,103.3
 "33740","Monroe, LA (Metropolitan Statistical Area)", ,MAIRPD,1,"...","Implicit regional price deflator","Index",80.3,80.0,82.4,84.9,86.4,87.5,87.7,87.9,87.5,89.6
 "33780","Monroe, MI (Metropolitan Statistical Area)", ,MAIRPD,1,"...","Implicit regional price deflator","Index",90.8,90.8,92.0,94.7,95.6,96.2,97.2,96.8,97.3,97.7
 "33860","Montgomery, AL (Metropolitan Statistical Area)", ,MAIRPD,1,"...","Implicit regional price deflator","Index",84.5,84.7,86.2,88.0,89.5,90.3,91.7,91.7,92.3,93.8
 "34060","Morgantown, WV (Metropolitan Statistical Area)", ,MAIRPD,1,"...","Implicit regional price deflator","Index",79.9,80.8,83.9,86.7,88.1,89.3,90.7,93.5,94.8,95.5
 "34100","Morristown, TN (Metropolitan Statistical Area)", ,MAIRPD,1,"...","Implicit regional price deflator","Index",76.2,76.7,78.5,79.7,82.4,83.7,83.6,83.5,82.6,84.6
 "34580","Mount Vernon-Anacortes, WA (Metropolitan Statistical Area)", ,MAIRPD,1,"...","Implicit regional price deflator","Index",95.5,94.1,95.0,96.4,97.5,99.3,100.5,100.6,101.5,103.8
 "34620","Muncie, IN (Metropolitan Statistical Area)", ,MAIRPD,1,"...","Implicit regional price deflator","Index",85.2,85.2,85.6,88.2,89.6,90.9,91.2,90.1,89.4,90.5
 "34740","Muskegon, MI (Metropolitan Statistical Area)", ,MAIRPD,1,"...","Implicit regional price deflator","Index",84.5,83.9,85.4,87.9,89.2,89.9,90.1,89.1,89.8,91.7
 "34820","Myrtle Beach-Conway-North Myrtle Beach, SC-NC (Metropolitan Statistical Area)", ,MAIRPD,1,"...","Implicit regional price deflator","Index",88.8,88.6,88.5,90.7,92.1,93.3,93.4,93.2,94.4,96.7
 "34900","Napa, CA (Metropolitan Statistical Area)", ,MAIRPD,1,"...","Implicit regional price deflator","Index",112.9,111.1,112.7,115.7,118.0,120.6,124.0,126.8,128.1,130.1
 "34940","Naples-Marco Island, FL (Metropolitan Statistical Area)", ,MAIRPD,1,"...","Implicit regional price deflator","Index",96.2,95.4,95.8,96.9,98.4,99.9,102.2,103.0,104.7,107.0
 "34980","Nashville-Davidson--Murfreesboro--Franklin, TN (Metropolitan Statistical Area)", ,MAIRPD,1,"...","Implicit regional price deflator","Index",89.1,88.8,89.6,91.7,93.3,94.6,96.0,96.4,97.8,100.3
 "35100","New Bern, NC (Metropolitan Statistical Area)", ,MAIRPD,1,"...","Implicit regional price deflator","Index",78.5,78.8,80.9,83.8,86.5,88.7,89.2,89.0,88.5,87.9
 "35300","New Haven-Milford, CT (Metropolitan Statistical Area)", ,MAIRPD,1,"...","Implicit regional price deflator","Index",108.2,107.6,108.7,110.8,112.7,113.7,114.7,114.1,114.8,116.6
 "35380","New Orleans-Metairie, LA (Metropolitan Statistical Area)", ,MAIRPD,1,"...","Implicit regional price deflator","Index",92.9,92.8,93.2,94.8,96.1,97.1,98.2,98.2,98.7,100.2
 "35620","New York-Newark-Jersey City, NY-NJ-PA (Metropolitan Statistical Area)", ,MAIRPD,1,"...","Implicit regional price deflator","Index",112.9,113.5,116.4,119.6,121.8,122.6,124.2,125.2,126.7,128.7
 "35660","Niles, MI (Metropolitan Statistical Area)", ,MAIRPD,1,"...","Implicit regional price deflator","Index",85.4,84.6,86.2,88.2,89.5,90.3,90.9,90.8,91.4,93.0
 "35840","North Port-Sarasota-Bradenton, FL (Metropolitan Statistical Area)", ,MAIRPD,1,"...","Implicit regional price deflator","Index",95.5,94.7,94.8,96.9,98.3,99.6,101.0,101.6,102.7,105.2
 "35980","Norwich-New London, CT (Metropolitan Statistical Area)", ,MAIRPD,1,"...","Implicit regional price deflator","Index",96.6,95.9,96.7,98.7,100.8,102.5,104.1,104.0,105.0,107.2
 "36100","Ocala, FL (Metropolitan Statistical Area)", ,MAIRPD,1,"...","Implicit regional price deflator","Index",88.8,88.6,89.0,90.6,91.5,92.2,92.8,92.7,93.5,95.3
 "36140","Ocean City, NJ (Metropolitan Statistical Area)", ,MAIRPD,1,"...","Implicit regional price deflator","Index",102.6,101.5,103.5,106.3,107.8,108.1,109.0,109.0,109.6,110.0
 "36220","Odessa, TX (Metropolitan Statistical Area)", ,MAIRPD,1,"...","Implicit regional price deflator","Index",85.5,86.6,88.4,90.9,93.0,95.6,98.7,100.2,100.4,100.8
 "36260","Ogden-Clearfield, UT (Metropolitan Statistical Area)", ,MAIRPD,1,"...","Implicit regional price deflator","Index",88.6,89.2,91.8,94.6,95.9,97.1,97.9,97.2,98.1,99.5
 "36420","Oklahoma City, OK (Metropolitan Statistical Area)", ,MAIRPD,1,"...","Implicit regional price deflator","Index",86.3,86.2,87.5,89.8,91.9,93.2,94.4,94.5,94.9,96.2
 "36500","Olympia-Lacey-Tumwater, WA (Metropolitan Statistical Area)", ,MAIRPD,1,"...","Implicit regional price deflator","Index",98.5,98.6,99.8,102.1,104.1,106.7,109.4,109.7,111.1,112.8
 "36540","Omaha-Council Bluffs, NE-IA (Metropolitan Statistical Area)", ,MAIRPD,1,"...","Implicit regional price deflator","Index",88.6,88.3,89.6,92.2,94.0,94.9,95.9,95.0,95.9,97.4
 "36740","Orlando-Kissimmee-Sanford, FL (Metropolitan Statistical Area)", ,MAIRPD,1,"...","Implicit regional price deflator","Index",94.9,94.4,94.4,96.1,97.6,98.7,100.1,100.5,101.5,103.5
 "36780","Oshkosh-Neenah, WI (Metropolitan Statistical Area)", ,MAIRPD,1,"...","Implicit regional price deflator","Index",87.5,86.7,88.2,90.7,92.3,92.6,93.3,92.5,93.5,95.0
 "36980","Owensboro, KY (Metropolitan Statistical Area)", ,MAIRPD,1,"...","Implicit regional price deflator","Index",80.1,80.6,82.5,84.8,86.3,88.3,89.8,89.9,90.3,92.7
 "37100","Oxnard-Thousand Oaks-Ventura, CA (Metropolitan Statistical Area)", ,MAIRPD,1,"...","Implicit regional price deflator","Index",105.6,106.2,109.6,112.6,114.7,117.3,119.6,119.3,120.9,123.3
 "37340","Palm Bay-Melbourne-Titusville, FL (Metropolitan Statistical Area)", ,MAIRPD,1,"...","Implicit regional price deflator","Index",93.2,92.2,92.3,93.8,95.3,95.8,97.3,97.9,99.0,101.0
 "37460","Panama City, FL (Metropolitan Statistical Area)", ,MAIRPD,1,"...","Implicit regional price deflator","Index",91.7,91.4,91.2,93.5,95.2,96.2,97.0,96.7,97.2,98.9
 "37620","Parkersburg-Vienna, WV (Metropolitan Statistical Area)", ,MAIRPD,1,"...","Implicit regional price deflator","Index",81.8,82.1,83.9,85.6,86.1,86.7,86.8,88.3,89.8,92.5
 "37860","Pensacola-Ferry Pass-Brent, FL (Metropolitan Statistical Area)", ,MAIRPD,1,"...","Implicit regional price deflator","Index",89.1,88.9,89.8,92.3,94.1,95.3,95.6,95.5,95.7,97.2
 "37900","Peoria, IL (Metropolitan Statistical Area)", ,MAIRPD,1,"...","Implicit regional price deflator","Index",86.5,86.3,87.3,89.5,90.9,92.2,93.5,93.0,93.1,94.1
 "37980","Philadelphia-Camden-Wilmington, PA-NJ-DE-MD (Metropolitan Statistical Area)", ,MAIRPD,1,"...","Implicit regional price deflator","Index",102.0,102.1,103.6,105.5,106.9,107.6,108.7,108.4,109.4,111.0
 "38060","Phoenix-Mesa-Chandler, AZ (Metropolitan Statistical Area)", ,MAIRPD,1,"...","Implicit regional price deflator","Index",96.8,96.2,96.1,97.0,97.7,98.4,99.5,99.7,100.8,102.8
 "38220","Pine Bluff, AR (Metropolitan Statistical Area)", ,MAIRPD,1,"...","Implicit regional price deflator","Index",77.8,77.5,80.5,82.4,84.6,85.2,85.9,85.7,86.2,87.1
 "38300","Pittsburgh, PA (Metropolitan Statistical Area)", ,MAIRPD,1,"...","Implicit regional price deflator","Index",85.8,86.3,88.6,91.5,94.1,95.8,96.7,96.1,97.0,99.0
 "38340","Pittsfield, MA (Metropolitan Statistical Area)", ,MAIRPD,1,"...","Implicit regional price deflator","Index",90.1,91.1,92.1,94.1,95.9,97.7,98.6,98.7,100.0,102.8
 "38540","Pocatello, ID (Metropolitan Statistical Area)", ,MAIRPD,1,"...","Implicit regional price deflator","Index",87.5,86.9,87.2,88.5,89.4,90.6,92.5,92.3,92.3,93.2
 "38860","Portland-South Portland, ME (Metropolitan Statistical Area)", ,MAIRPD,1,"...","Implicit regional price deflator","Index",95.0,94.7,95.8,98.0,100.0,102.0,104.2,104.7,105.7,107.7
 "38900","Portland-Vancouver-Hillsboro, OR-WA (Metropolitan Statistical Area)", ,MAIRPD,1,"...","Implicit regional price deflator","Index",93.8,94.1,95.4,97.9,100.2,101.9,103.2,103.2,104.8,107.1
 "38940","Port St. Lucie, FL (Metropolitan Statistical Area)", ,MAIRPD,1,"...","Implicit regional price deflator","Index",94.7,93.7,92.9,94.1,95.5,96.6,98.0,98.3,100.2,102.2
 "39100","Poughkeepsie-Newburgh-Middletown, NY (Metropolitan Statistical Area) 2/", ,MAIRPD,1,"...","Implicit regional price deflator","Index",(NA),(NA),(NA),(NA),(NA),(NA),(NA),(NA),(NA),(NA)
 "39150","Prescott Valley-Prescott, AZ (Metropolitan Statistical Area)", ,MAIRPD,1,"...","Implicit regional price deflator","Index",93.7,92.0,92.5,93.4,95.2,96.9,98.6,98.0,99.0,101.1
 "39300","Providence-Warwick, RI-MA (Metropolitan Statistical Area)", ,MAIRPD,1,"...","Implicit regional price deflator","Index",95.1,94.3,95.1,97.5,99.2,100.5,102.3,102.7,103.6,105.0
 "39340","Provo-Orem, UT (Metropolitan Statistical Area)", ,MAIRPD,1,"...","Implicit regional price deflator","Index",90.3,91.5,93.3,95.7,97.1,98.8,99.4,99.1,99.9,102.0
 "39380","Pueblo, CO (Metropolitan Statistical Area)", ,MAIRPD,1,"...","Implicit regional price deflator","Index",86.0,86.7,88.7,91.7,92.7,94.4,94.0,93.5,94.4,96.0
 "39460","Punta Gorda, FL (Metropolitan Statistical Area)", ,MAIRPD,1,"...","Implicit regional price deflator","Index",93.8,91.6,91.3,93.4,95.0,95.9,97.0,97.1,98.1,100.6
 "39540","Racine, WI (Metropolitan Statistical Area)", ,MAIRPD,1,"...","Implicit regional price deflator","Index",87.7,87.8,88.8,91.3,93.7,94.9,96.0,96.3,96.7,98.2
 "39580","Raleigh-Cary, NC (Metropolitan Statistical Area)", ,MAIRPD,1,"...","Implicit regional price deflator","Index",90.5,90.3,90.8,93.0,94.9,96.5,98.1,98.4,99.3,101.3
 "39660","Rapid City, SD (Metropolitan Statistical Area)", ,MAIRPD,1,"...","Implicit regional price deflator","Index",85.9,85.6,86.0,88.9,91.8,93.1,94.3,93.2,93.3,94.8
 "39740","Reading, PA (Metropolitan Statistical Area)", ,MAIRPD,1,"...","Implicit regional price deflator","Index",91.2,90.5,91.7,94.2,96.2,97.4,99.3,99.1,100.1,101.5
 "39820","Redding, CA (Metropolitan Statistical Area)", ,MAIRPD,1,"...","Implicit regional price deflator","Index",92.3,92.4,94.3,96.9,98.7,99.8,100.2,99.8,100.6,101.5
 "39900","Reno, NV (Metropolitan Statistical Area)", ,MAIRPD,1,"...","Implicit regional price deflator","Index",93.8,94.4,95.9,98.2,99.6,100.8,101.2,100.7,101.9,104.0
 "40060","Richmond, VA (Metropolitan Statistical Area)", ,MAIRPD,1,"...","Implicit regional price deflator","Index",91.4,91.2,92.1,94.4,96.0,97.1,98.4,98.7,99.6,101.2
 "40140","Riverside-San Bernardino-Ontario, CA (Metropolitan Statistical Area)", ,MAIRPD,1,"...","Implicit regional price deflator","Index",100.8,100.8,102.6,104.9,106.5,108.4,110.1,109.6,110.8,112.9
 "40220","Roanoke, VA (Metropolitan Statistical Area)", ,MAIRPD,1,"...","Implicit regional price deflator","Index",86.7,86.2,87.5,89.3,90.7,91.4,93.2,93.6,93.7,94.9
 "40340","Rochester, MN (Metropolitan Statistical Area)", ,MAIRPD,1,"...","Implicit regional price deflator","Index",87.9,88.3,89.3,91.0,92.5,93.8,95.7,95.2,96.5,98.2
 "40380","Rochester, NY (Metropolitan Statistical Area)", ,MAIRPD,1,"...","Implicit regional price deflator","Index",92.4,91.8,92.8,95.1,97.0,98.8,100.9,101.3,101.9,103.4
 "40420","Rockford, IL (Metropolitan Statistical Area)", ,MAIRPD,1,"...","Implicit regional price deflator","Index",86.5,86.7,87.5,90.2,91.4,92.5,93.0,91.9,92.2,93.1
 "40580","Rocky Mount, NC (Metropolitan Statistical Area)", ,MAIRPD,1,"...","Implicit regional price deflator","Index",79.5,79.8,82.4,84.9,86.3,87.8,88.0,87.5,87.0,88.9
 "40660","Rome, GA (Metropolitan Statistical Area)", ,MAIRPD,1,"...","Implicit regional price deflator","Index",74.9,76.2,77.9,80.8,81.9,82.3,82.7,82.7,84.3,85.2
 "40900","Sacramento-Roseville-Folsom, CA (Metropolitan Statistical Area)", ,MAIRPD,1,"...","Implicit regional price deflator","Index",95.9,96.4,98.3,100.9,102.5,103.9,104.5,104.2,105.3,107.4
 "40980","Saginaw, MI (Metropolitan Statistical Area)", ,MAIRPD,1,"...","Implicit regional price deflator","Index",84.7,84.2,85.7,87.9,89.3,90.3,91.1,90.5,91.2,92.4
 "41060","St. Cloud, MN (Metropolitan Statistical Area)", ,MAIRPD,1,"...","Implicit regional price deflator","Index",88.8,88.2,87.9,91.2,92.8,94.5,95.2,93.8,94.3,95.8
 "41100","St. George, UT (Metropolitan Statistical Area)", ,MAIRPD,1,"...","Implicit regional price deflator","Index",93.0,91.3,91.5,92.8,93.9,95.5,97.0,96.7,98.0,100.0
 "41140","St. Joseph, MO-KS (Metropolitan Statistical Area)", ,MAIRPD,1,"...","Implicit regional price deflator","Index",82.7,82.8,84.0,86.2,87.7,89.7,90.3,89.7,89.1,90.4
 "41180","St. Louis, MO-IL (Metropolitan Statistical Area)", ,MAIRPD,1,"...","Implicit regional price deflator","Index",82.8,82.9,84.9,87.8,90.2,91.6,93.2,93.9,94.6,96.2
 "41420","Salem, OR (Metropolitan Statistical Area)", ,MAIRPD,1,"...","Implicit regional price deflator","Index",90.8,90.9,92.2,94.7,96.5,97.0,97.1,96.7,98.7,101.3
 "41500","Salinas, CA (Metropolitan Statistical Area)", ,MAIRPD,1,"...","Implicit regional price deflator","Index",98.6,99.6,102.1,105.0,107.2,109.2,110.3,110.2,111.5,114.2
 "41540","Salisbury, MD-DE (Metropolitan Statistical Area)", ,MAIRPD,1,"...","Implicit regional price deflator","Index",84.4,84.5,85.0,87.7,89.4,90.8,91.9,92.4,92.5,93.2
 "41620","Salt Lake City, UT (Metropolitan Statistical Area)", ,MAIRPD,1,"...","Implicit regional price deflator","Index",91.9,93.1,94.8,97.5,99.0,101.1,101.8,101.6,102.5,104.4
 "41660","San Angelo, TX (Metropolitan Statistical Area)", ,MAIRPD,1,"...","Implicit regional price deflator","Index",86.3,87.2,87.8,89.7,91.5,93.2,95.4,96.4,97.3,98.3
 "41700","San Antonio-New Braunfels, TX (Metropolitan Statistical Area)", ,MAIRPD,1,"...","Implicit regional price deflator","Index",88.5,88.5,89.4,91.7,93.5,95.0,96.6,96.9,97.7,99.4
 "41740","San Diego-Chula Vista-Carlsbad, CA (Metropolitan Statistical Area)", ,MAIRPD,1,"...","Implicit regional price deflator","Index",107.9,108.4,112.7,116.8,117.7,118.1,118.7,119.1,120.3,122.2
 "41860","San Francisco-Oakland-Berkeley, CA (Metropolitan Statistical Area)", ,MAIRPD,1,"...","Implicit regional price deflator","Index",115.3,113.7,115.4,117.7,120.8,123.2,126.7,128.7,131.0,134.7
 "41940","San Jose-Sunnyvale-Santa Clara, CA (Metropolitan Statistical Area)", ,MAIRPD,1,"...","Implicit regional price deflator","Index",115.4,113.9,115.7,118.1,121.7,124.6,128.7,131.4,133.9,137.8
 "42020","San Luis Obispo-Paso Robles, CA (Metropolitan Statistical Area)", ,MAIRPD,1,"...","Implicit regional price deflator","Index",98.4,99.5,102.2,104.9,106.7,108.2,109.2,109.1,110.6,113.1
 "42100","Santa Cruz-Watsonville, CA (Metropolitan Statistical Area)", ,MAIRPD,1,"...","Implicit regional price deflator","Index",115.2,113.2,114.4,116.9,121.0,123.6,127.2,128.6,131.0,134.3
 "42140","Santa Fe, NM (Metropolitan Statistical Area)", ,MAIRPD,1,"...","Implicit regional price deflator","Index",93.4,93.3,94.2,97.5,99.3,101.2,101.9,101.7,103.0,103.9
 "42200","Santa Maria-Santa Barbara, CA (Metropolitan Statistical Area)", ,MAIRPD,1,"...","Implicit regional price deflator","Index",100.2,101.0,103.9,106.4,108.1,110.0,111.4,111.3,113.0,115.4
 "42220","Santa Rosa-Petaluma, CA (Metropolitan Statistical Area)", ,MAIRPD,1,"...","Implicit regional price deflator","Index",113.1,111.4,112.6,114.6,117.9,119.7,123.3,124.7,126.9,130.0
 "42340","Savannah, GA (Metropolitan Statistical Area)", ,MAIRPD,1,"...","Implicit regional price deflator","Index",89.7,89.6,90.5,92.7,94.6,95.8,96.5,96.3,97.0,98.8
 "42540","Scranton--Wilkes-Barre, PA (Metropolitan Statistical Area)", ,MAIRPD,1,"...","Implicit regional price deflator","Index",86.1,85.8,86.9,89.6,91.5,93.2,94.6,95.4,95.9,97.4
 "42660","Seattle-Tacoma-Bellevue, WA (Metropolitan Statistical Area)", ,MAIRPD,1,"...","Implicit regional price deflator","Index",100.5,100.8,102.4,104.6,106.9,109.3,112.0,113.2,115.0,117.7
 "42680","Sebastian-Vero Beach, FL (Metropolitan Statistical Area)", ,MAIRPD,1,"...","Implicit regional price deflator","Index",90.0,88.4,89.1,90.6,91.4,91.9,93.1,93.7,94.8,96.6
 "42700","Sebring-Avon Park, FL (Metropolitan Statistical Area)", ,MAIRPD,1,"...","Implicit regional price deflator","Index",83.8,82.7,82.8,83.1,86.7,86.5,86.8,83.8,85.8,87.6
 "43100","Sheboygan, WI (Metropolitan Statistical Area)", ,MAIRPD,1,"...","Implicit regional price deflator","Index",87.1,86.6,87.2,89.1,90.6,92.0,93.4,92.3,92.7,94.5
 "43300","Sherman-Denison, TX (Metropolitan Statistical Area)", ,MAIRPD,1,"...","Implicit regional price deflator","Index",86.2,85.8,86.9,89.3,91.1,91.4,93.1,93.7,95.4,96.7
 "43340","Shreveport-Bossier City, LA (Metropolitan Statistical Area)", ,MAIRPD,1,"...","Implicit regional price deflator","Index",83.5,84.0,86.1,88.7,90.2,91.1,92.5,92.5,93.0,93.4
 "43420","Sierra Vista-Douglas, AZ (Metropolitan Statistical Area)", ,MAIRPD,1,"...","Implicit regional price deflator","Index",88.9,87.3,88.4,91.0,92.3,92.9,93.5,92.4,92.9,93.7
 "43580","Sioux City, IA-NE-SD (Metropolitan Statistical Area)", ,MAIRPD,1,"...","Implicit regional price deflator","Index",83.4,83.0,84.6,87.4,89.2,90.2,91.1,90.6,91.6,93.1
 "43620","Sioux Falls, SD (Metropolitan Statistical Area)", ,MAIRPD,1,"...","Implicit regional price deflator","Index",88.0,87.5,89.0,90.9,93.0,93.6,94.6,93.6,94.8,96.5
 "43780","South Bend-Mishawaka, IN-MI (Metropolitan Statistical Area)", ,MAIRPD,1,"...","Implicit regional price deflator","Index",86.2,85.2,86.5,89.2,90.8,91.5,91.9,90.7,91.2,92.5
 "43900","Spartanburg, SC (Metropolitan Statistical Area)", ,MAIRPD,1,"...","Implicit regional price deflator","Index",82.7,83.2,84.1,85.8,87.3,88.6,89.7,89.9,91.0,93.1
 "44060","Spokane-Spokane Valley, WA (Metropolitan Statistical Area)", ,MAIRPD,1,"...","Implicit regional price deflator","Index",89.2,89.7,91.4,94.1,95.6,97.0,97.7,97.3,98.3,99.8
 "44100","Springfield, IL (Metropolitan Statistical Area)", ,MAIRPD,1,"...","Implicit regional price deflator","Index",87.3,87.1,88.4,90.4,91.9,92.8,93.8,92.3,93.3,94.6
 "44140","Springfield, MA (Metropolitan Statistical Area)", ,MAIRPD,1,"...","Implicit regional price deflator","Index",91.9,91.3,92.2,94.5,96.1,98.0,100.1,100.9,101.3,102.4
 "44180","Springfield, MO (Metropolitan Statistical Area)", ,MAIRPD,1,"...","Implicit regional price deflator","Index",84.1,84.1,85.3,87.5,89.0,89.8,90.2,89.6,90.2,91.6
 "44220","Springfield, OH (Metropolitan Statistical Area)", ,MAIRPD,1,"...","Implicit regional price deflator","Index",83.6,82.7,85.1,87.7,89.1,89.8,90.0,89.2,90.3,91.3
 "44300","State College, PA (Metropolitan Statistical Area)", ,MAIRPD,1,"...","Implicit regional price deflator","Index",94.4,94.3,95.8,98.6,101.7,103.8,106.0,105.9,106.8,108.2
 "44420","Staunton, VA (Metropolitan Statistical Area)", ,MAIRPD,1,"...","Implicit regional price deflator","Index",80.5,81.3,82.9,84.7,87.4,89.3,90.9,89.9,88.0,89.3
 "44700","Stockton, CA (Metropolitan Statistical Area)", ,MAIRPD,1,"...","Implicit regional price deflator","Index",94.3,95.0,96.8,99.5,100.7,102.0,102.4,102.0,102.8,104.7
 "44940","Sumter, SC (Metropolitan Statistical Area)", ,MAIRPD,1,"...","Implicit regional price deflator","Index",81.9,81.4,83.8,86.8,88.3,89.3,89.4,90.0,89.1,90.7
 "45060","Syracuse, NY (Metropolitan Statistical Area)", ,MAIRPD,1,"...","Implicit regional price deflator","Index",90.6,90.0,91.0,93.3,95.3,96.6,98.7,99.5,100.5,102.3
 "45220","Tallahassee, FL (Metropolitan Statistical Area)", ,MAIRPD,1,"...","Implicit regional price deflator","Index",90.6,90.5,90.6,92.9,94.8,95.8,96.4,95.8,96.4,98.2
 "45300","Tampa-St. Petersburg-Clearwater, FL (Metropolitan Statistical Area)", ,MAIRPD,1,"...","Implicit regional price deflator","Index",92.3,93.0,95.2,97.6,100.0,102.1,102.4,101.2,102.2,104.1
 "45460","Terre Haute, IN (Metropolitan Statistical Area)", ,MAIRPD,1,"...","Implicit regional price deflator","Index",82.3,81.5,83.9,86.6,87.6,88.4,89.2,88.9,89.5,91.0
 "45500","Texarkana, TX-AR (Metropolitan Statistical Area)", ,MAIRPD,1,"...","Implicit regional price deflator","Index",82.0,81.9,83.8,86.0,88.6,88.6,89.5,89.2,90.9,91.8
 "45540","The Villages, FL (Metropolitan Statistical Area)", ,MAIRPD,1,"...","Implicit regional price deflator","Index",78.1,80.6,79.1,81.8,83.3,89.4,92.7,93.9,96.3,97.8
 "45780","Toledo, OH (Metropolitan Statistical Area)", ,MAIRPD,1,"...","Implicit regional price deflator","Index",85.6,84.6,85.7,88.1,89.9,90.7,91.3,90.5,90.9,92.3
 "45820","Topeka, KS (Metropolitan Statistical Area)", ,MAIRPD,1,"...","Implicit regional price deflator","Index",84.1,83.9,85.7,87.8,89.4,90.2,91.4,90.9,91.6,93.3
 "45940","Trenton-Princeton, NJ (Metropolitan Statistical Area)", ,MAIRPD,1,"...","Implicit regional price deflator","Index",104.0,104.4,106.9,110.4,111.8,112.6,114.2,115.0,115.5,117.4
 "46060","Tucson, AZ (Metropolitan Statistical Area)", ,MAIRPD,1,"...","Implicit regional price deflator","Index",90.9,91.5,92.9,95.5,97.2,98.7,99.1,98.5,98.8,100.1
 "46140","Tulsa, OK (Metropolitan Statistical Area)", ,MAIRPD,1,"...","Implicit regional price deflator","Index",85.4,85.5,86.8,89.0,90.6,91.8,93.2,93.4,93.9,95.2
 "46220","Tuscaloosa, AL (Metropolitan Statistical Area)", ,MAIRPD,1,"...","Implicit regional price deflator","Index",82.4,82.7,84.2,85.9,87.9,88.8,90.4,90.5,91.6,92.9
 "46300","Twin Falls, ID (Metropolitan Statistical Area) 2/", ,MAIRPD,1,"...","Implicit regional price deflator","Index",(NA),(NA),(NA),(NA),(NA),(NA),(NA),93.4,93.8,95.8
 "46340","Tyler, TX (Metropolitan Statistical Area)", ,MAIRPD,1,"...","Implicit regional price deflator","Index",88.4,88.7,90.3,92.6,94.2,95.4,96.0,96.4,97.1,98.9
 "46520","Urban Honolulu, HI (Metropolitan Statistical Area)", ,MAIRPD,1,"...","Implicit regional price deflator","Index",115.4,115.1,116.2,119.8,123.5,126.1,127.6,128.2,129.3,131.3
 "46540","Utica-Rome, NY (Metropolitan Statistical Area)", ,MAIRPD,1,"...","Implicit regional price deflator","Index",87.6,87.1,88.2,90.4,92.3,94.0,96.2,96.7,97.2,98.4
 "46660","Valdosta, GA (Metropolitan Statistical Area)", ,MAIRPD,1,"...","Implicit regional price deflator","Index",77.8,79.3,80.2,80.6,83.6,83.5,84.5,83.3,83.8,85.6
 "46700","Vallejo, CA (Metropolitan Statistical Area)", ,MAIRPD,1,"...","Implicit regional price deflator","Index",111.8,110.3,111.6,113.5,115.8,117.4,120.1,121.9,123.3,126.3
 "47020","Victoria, TX (Metropolitan Statistical Area)", ,MAIRPD,1,"...","Implicit regional price deflator","Index",84.7,85.0,86.5,89.0,91.1,93.7,95.7,96.5,97.5,98.6
 "47220","Vineland-Bridgeton, NJ (Metropolitan Statistical Area)", ,MAIRPD,1,"...","Implicit regional price deflator","Index",96.1,96.1,98.3,101.5,102.6,102.7,103.5,102.2,103.3,104.0
 "47260","Virginia Beach-Norfolk-Newport News, VA-NC (Metropolitan Statistical Area)", ,MAIRPD,1,"...","Implicit regional price deflator","Index",93.0,93.3,94.6,97.1,98.8,99.6,100.7,100.6,101.5,102.7
 "47300","Visalia, CA (Metropolitan Statistical Area)", ,MAIRPD,1,"...","Implicit regional price deflator","Index",88.9,89.9,91.6,94.2,95.7,96.9,97.3,97.0,97.4,98.9
 "47380","Waco, TX (Metropolitan Statistical Area)", ,MAIRPD,1,"...","Implicit regional price deflator","Index",85.6,85.6,86.3,88.7,90.9,92.0,93.5,93.9,94.9,96.1
 "47460","Walla Walla, WA (Metropolitan Statistical Area)", ,MAIRPD,1,"...","Implicit regional price deflator","Index",90.5,88.6,89.8,91.5,92.3,93.8,95.6,96.8,98.1,100.4
 "47580","Warner Robins, GA (Metropolitan Statistical Area)", ,MAIRPD,1,"...","Implicit regional price deflator","Index",84.8,84.2,85.0,86.6,88.5,90.3,91.9,91.9,91.6,92.9
 "47900","Washington-Arlington-Alexandria, DC-VA-MD-WV (Metropolitan Statistical Area)", ,MAIRPD,1,"...","Implicit regional price deflator","Index",111.3,112.7,115.0,117.4,118.9,120.1,122.2,121.8,122.8,124.6
 "47940","Waterloo-Cedar Falls, IA (Metropolitan Statistical Area)", ,MAIRPD,1,"...","Implicit regional price deflator","Index",85.1,84.6,86.3,89.0,91.1,92.0,93.1,92.3,93.3,94.8
 "48060","Watertown-Fort Drum, NY (Metropolitan Statistical Area)", ,MAIRPD,1,"...","Implicit regional price deflator","Index",89.8,90.2,92.5,95.9,98.0,100.0,101.6,101.9,102.5,104.2
 "48140","Wausau-Weston, WI (Metropolitan Statistical Area)", ,MAIRPD,1,"...","Implicit regional price deflator","Index",86.8,86.3,88.0,90.3,92.1,92.8,93.5,92.5,93.5,95.0
 "48260","Weirton-Steubenville, WV-OH (Metropolitan Statistical Area)", ,MAIRPD,1,"...","Implicit regional price deflator","Index",79.0,77.9,81.4,83.9,85.9,87.5,88.2,86.7,86.8,88.4
 "48300","Wenatchee, WA (Metropolitan Statistical Area)", ,MAIRPD,1,"...","Implicit regional price deflator","Index",91.3,90.7,92.1,93.8,95.1,96.9,98.0,97.8,98.6,101.5
 "48540","Wheeling, WV-OH (Metropolitan Statistical Area)", ,MAIRPD,1,"...","Implicit regional price deflator","Index",80.2,79.5,81.5,83.6,85.6,85.9,87.7,88.3,89.0,90.0
 "48620","Wichita, KS (Metropolitan Statistical Area)", ,MAIRPD,1,"...","Implicit regional price deflator","Index",85.7,85.3,86.7,89.2,90.7,91.8,92.5,91.9,92.5,94.0
 "48660","Wichita Falls, TX (Metropolitan Statistical Area)", ,MAIRPD,1,"...","Implicit regional price deflator","Index",86.5,85.4,86.5,87.9,90.6,91.8,93.0,92.3,92.9,93.7
 "48700","Williamsport, PA (Metropolitan Statistical Area)", ,MAIRPD,1,"...","Implicit regional price deflator","Index",87.3,85.9,86.7,88.7,92.3,94.7,96.4,96.4,96.5,97.7
 "48900","Wilmington, NC (Metropolitan Statistical Area)", ,MAIRPD,1,"...","Implicit regional price deflator","Index",89.1,89.1,90.4,92.7,94.7,95.6,97.1,96.5,96.7,97.7
 "49020","Winchester, VA-WV (Metropolitan Statistical Area)", ,MAIRPD,1,"...","Implicit regional price deflator","Index",88.5,87.7,87.4,89.4,91.0,93.2,93.6,93.9,95.3,97.0
 "49180","Winston-Salem, NC (Metropolitan Statistical Area)", ,MAIRPD,1,"...","Implicit regional price deflator","Index",85.5,85.0,85.9,88.3,89.8,90.9,91.8,91.8,92.2,93.4
 "49340","Worcester, MA-CT (Metropolitan Statistical Area)", ,MAIRPD,1,"...","Implicit regional price deflator","Index",98.7,98.4,99.5,101.8,103.5,104.5,106.4,106.8,107.5,109.0
 "49420","Yakima, WA (Metropolitan Statistical Area)", ,MAIRPD,1,"...","Implicit regional price deflator","Index",87.4,88.4,90.3,93.6,95.0,96.5,96.9,96.3,96.5,97.6
 "49620","York-Hanover, PA (Metropolitan Statistical Area)", ,MAIRPD,1,"...","Implicit regional price deflator","Index",90.4,90.0,91.0,93.5,95.6,97.2,99.5,99.8,100.4,101.7
 "49660","Youngstown-Warren-Boardman, OH-PA (Metropolitan Statistical Area)", ,MAIRPD,1,"...","Implicit regional price deflator","Index",83.6,82.5,84.4,86.4,88.3,89.2,90.5,89.4,90.1,91.1
 "49700","Yuba City, CA (Metropolitan Statistical Area)", ,MAIRPD,1,"...","Implicit regional price deflator","Index",91.6,92.3,93.6,96.5,98.2,100.2,100.6,100.3,100.2,101.7
 "49740","Yuma, AZ (Metropolitan Statistical Area)", ,MAIRPD,1,"...","Implicit regional price deflator","Index",87.5,88.7,89.7,92.8,93.5,94.9,95.2,94.5,94.4,95.2
"Note: See the included footnote file."
"Last updated: November 14, 2019-- revised statistics for 2008-2017. "
"Source: U.S. Department of Commerce / Bureau of Economic Analysis / Regional Economic Accounts"
